6622aed9fc13ae7780a242a3,
6622aed9fc13ae7780a242a0,
6622aed9fc13ae7780a242a4,
6622aed9fc13ae7780a242a5,
6622aed9fc13ae7780a242a6,
6622aed9fc13ae7780a242a7,
6622aed9fc13ae7780a242a8,
6622aed9fc13ae7780a242aa,
6622aed9fc13ae7780a242ab,
6622aed9fc13ae7780a242ac,
6622aed9fc13ae7780a242ad,
6622aed9fc13ae7780a242ae,
6622aed9fc13ae7780a242af,
6622aed9fc13ae7780a242b0,
6622aed9fc13ae7780a242b1,
6622aed9fc13ae7780a242b2,
6622aed9fc13ae7780a242b3,
6622aed9fc13ae7780a242b5,
6622aed9fc13ae7780a242b6,
6622aed9fc13ae7780a242b9